"","ENSEMBL","ENTREZID","SYMBOL"
"1","ENSG00000002746","23072","HECW1"
"2","ENSG00000004660","84254","CAMKK1"
"3","ENSG00000004799","5166","PDK4"
"4","ENSG00000005059","55013","MCUB"
"5","ENSG00000006283","8913","CACNA1G"
"6","ENSG00000006432","4293","MAP3K9"
"7","ENSG00000007306","1087","CEACAM7"
"8","ENSG00000009950","51085","MLXIPL"
"9","ENSG00000011347","9066","SYT7"
"10","ENSG00000012171","7869","SEMA3B"
"11","ENSG00000013364","9961","MVP"
"12","ENSG00000016490","1179","CLCA1"
"13","ENSG00000029534","286","ANK1"
"14","ENSG00000036672","9099","USP2"
"15","ENSG00000047346","56204","ATOSA"
"16","ENSG00000047457","1356","CP"
"17","ENSG00000048740","10659","CELF2"
"18","ENSG00000049130","4254","KITLG"
"19","ENSG00000049246","8863","PER3"
"20","ENSG00000049283","55040","EPN3"
"21","ENSG00000049541","5982","RFC2"
"22","ENSG00000055163","26999","CYFIP2"
"23","ENSG00000056736","55540","IL17RB"
"24","ENSG00000057657","639","PRDM1"
"25","ENSG00000058404","816","CAMK2B"
"26","ENSG00000060656","10076","PTPRU"
"27","ENSG00000063660","2817","GPC1"
"28","ENSG00000064201","10077","TSPAN32"
"29","ENSG00000065320","9423","NTN1"
"30","ENSG00000065328","55388","MCM10"
"31","ENSG00000066248","25791","NGEF"
"32","ENSG00000066923","10734","STAG3"
"33","ENSG00000073111","4171","MCM2"
"34","ENSG00000073756","5743","PTGS2"
"35","ENSG00000074527","59277","NTN4"
"36","ENSG00000075303","55972","SLC25A40"
"37","ENSG00000075426","2355","FOSL2"
"38","ENSG00000076003","4175","MCM6"
"39","ENSG00000076248","7374","UNG"
"40","ENSG00000076356","5362","PLXNA2"
"41","ENSG00000077514","10714","POLD3"
"42","ENSG00000079156","114880","OSBPL6"
"43","ENSG00000080493","8671","SLC4A4"
"44","ENSG00000081277","5317","PKP1"
"45","ENSG00000081479","4036","LRP2"
"46","ENSG00000081913","23239","PHLPP1"
"47","ENSG00000084636","1307","COL16A1"
"48","ENSG00000085117","3732","CD82"
"49","ENSG00000085840","4998","ORC1"
"50","ENSG00000086205","2346","FOLH1"
"51","ENSG00000087085","43","ACHE"
"52","ENSG00000090238","83719","YPEL3"
"53","ENSG00000091138","1811","SLC26A3"
"54","ENSG00000091592","22861","NLRP1"
"55","ENSG00000092470","79968","WDR76"
"56","ENSG00000092621","26227","PHGDH"
"57","ENSG00000092853","63967","CLSPN"
"58","ENSG00000093217","9942","XYLB"
"59","ENSG00000094804","990","CDC6"
"60","ENSG00000095002","4436","MSH2"
"61","ENSG00000095585","29760","BLNK"
"62","ENSG00000095596","1592","CYP26A1"
"63","ENSG00000095637","10580","SORBS1"
"64","ENSG00000095752","3589","IL11"
"65","ENSG00000099256","56952","PRTFDC1"
"66","ENSG00000099953","4320","MMP11"
"67","ENSG00000100031","2678","GGT1"
"68","ENSG00000100234","7078","TIMP3"
"69","ENSG00000100297","4174","MCM5"
"70","ENSG00000100399","150356","CHADL"
"71","ENSG00000100439","63874","ABHD4"
"72","ENSG00000100479","5427","POLE2"
"73","ENSG00000100647","9766","SUSD6"
"74","ENSG00000100739","623","BDKRB1"
"75","ENSG00000100979","5360","PLTP"
"76","ENSG00000101098","140730","RIMS4"
"77","ENSG00000101412","1869","E2F1"
"78","ENSG00000101542","28316","CDH20"
"79","ENSG00000101773","5932","RBBP8"
"80","ENSG00000101868","5422","POLA1"
"81","ENSG00000102312","64840","PORCN"
"82","ENSG00000102362","94121","SYTL4"
"83","ENSG00000102445","80183","RUBCNL"
"84","ENSG00000102837","10562","OLFM4"
"85","ENSG00000103522","50615","IL21R"
"86","ENSG00000103546","6530","SLC6A2"
"87","ENSG00000104368","5327","PLAT"
"88","ENSG00000104369","56704","JPH1"
"89","ENSG00000104419","10397","NDRG1"
"90","ENSG00000104738","4173","MCM4"
"91","ENSG00000105173","898","CCNE1"
"92","ENSG00000105270","25999","CLIP3"
"93","ENSG00000105388","1048","CEACAM5"
"94","ENSG00000105650","5143","PDE4C"
"95","ENSG00000105707","3249","HPN"
"96","ENSG00000106123","2051","EPHB6"
"97","ENSG00000107282","320","APBA1"
"98","ENSG00000107562","6387","CXCL12"
"99","ENSG00000107738","64115","VSIR"
"100","ENSG00000107796","59","ACTA2"
"101","ENSG00000108924","3131","HLF"
"102","ENSG00000109099","5376","PMP22"
"103","ENSG00000109452","8821","INPP4B"
"104","ENSG00000109674","55247","NEIL3"
"105","ENSG00000109758","3083","HGFAC"
"106","ENSG00000109956","27087","B3GAT1"
"107","ENSG00000111052","8825","LIN7A"
"108","ENSG00000111665","83461","CDCA3"
"109","ENSG00000112029","26271","FBXO5"
"110","ENSG00000112118","4172","MCM3"
"111","ENSG00000113368","4001","LMNB1"
"112","ENSG00000113578","2246","FGF1"
"113","ENSG00000114405","57415","CEP15"
"114","ENSG00000115129","9540","TP53I3"
"115","ENSG00000115252","5136","PDE1A"
"116","ENSG00000115380","2202","EFEMP1"
"117","ENSG00000115461","3488","IGFBP5"
"118","ENSG00000115687","23178","PASK"
"119","ENSG00000116016","2034","EPAS1"
"120","ENSG00000116039","525","ATP6V1B1"
"121","ENSG00000116062","2956","MSH6"
"122","ENSG00000116299","57535","ELAPOR1"
"123","ENSG00000116396","3749","KCNC4"
"124","ENSG00000116521","10067","SCAMP3"
"125","ENSG00000116726","390999","PRAMEF12"
"126","ENSG00000117139","10765","KDM5B"
"127","ENSG00000117155","117178","SSX2IP"
"128","ENSG00000117472","10103","TSPAN1"
"129","ENSG00000117525","2152","F3"
"130","ENSG00000118513","4602","MYB"
"131","ENSG00000118523","1490","CCN2"
"132","ENSG00000118777","9429","ABCG2"
"133","ENSG00000118785","6696","SPP1"
"134","ENSG00000119326","8727","CTNNAL1"
"135","ENSG00000119608","283571","PROX2"
"136","ENSG00000119801","51646","YPEL5"
"137","ENSG00000119969","3070","HELLS"
"138","ENSG00000120738","1958","EGR1"
"139","ENSG00000120868","317","APAF1"
"140","ENSG00000121900","113452","TMEM54"
"141","ENSG00000122584","30010","NXPH1"
"142","ENSG00000122641","3624","INHBA"
"143","ENSG00000122824","170685","NUDT10"
"144","ENSG00000122877","1959","EGR2"
"145","ENSG00000123080","1031","CDKN2C"
"146","ENSG00000123095","79365","BHLHE41"
"147","ENSG00000123104","3709","ITPR2"
"148","ENSG00000123329","64333","ARHGAP9"
"149","ENSG00000123384","4035","LRP1"
"150","ENSG00000123700","3759","KCNJ2"
"151","ENSG00000124145","6385","SDC4"
"152","ENSG00000124257","140825","NEURL2"
"153","ENSG00000125954","100529261","CHURC1-FNTB"
"154","ENSG00000127311","92797","HELB"
"155","ENSG00000127324","7103","TSPAN8"
"156","ENSG00000127329","5787","PTPRB"
"157","ENSG00000127423","79000","AUNIP"
"158","ENSG00000128815","57705","WDFY4"
"159","ENSG00000129007","91860","CALML4"
"160","ENSG00000129159","3746","KCNC1"
"161","ENSG00000129757","1028","CDKN1C"
"162","ENSG00000129965","723961","INS-IGF2"
"163","ENSG00000130222","10912","GADD45G"
"164","ENSG00000130283","2657","GDF1"
"165","ENSG00000130477","23025","UNC13A"
"166","ENSG00000130592","4046","LSP1"
"167","ENSG00000131153","51659","GINS2"
"168","ENSG00000131470","29893","PSMC3IP"
"169","ENSG00000132003","65249","ZSWIM4"
"170","ENSG00000132274","10346","TRIM22"
"171","ENSG00000132793","64900","LPIN3"
"172","ENSG00000133083","9201","DCLK1"
"173","ENSG00000133639","694","BTG1"
"174","ENSG00000133794","406","BMAL1"
"175","ENSG00000133805","272","AMPD3"
"176","ENSG00000134508","91768","CABLES1"
"177","ENSG00000135362","79899","PRR5L"
"178","ENSG00000135472","23017","FAIM2"
"179","ENSG00000135549","5570","PKIB"
"180","ENSG00000135678","1368","CPM"
"181","ENSG00000135679","4193","MDM2"
"182","ENSG00000135924","3300","DNAJB2"
"183","ENSG00000136002","50649","ARHGEF4"
"184","ENSG00000136367","85446","ZFHX2"
"185","ENSG00000136531","6326","SCN2A"
"186","ENSG00000136928","9568","GABBR2"
"187","ENSG00000136999","4856","CCN3"
"188","ENSG00000137310","6941","TCF19"
"189","ENSG00000137313","7726","TRIM26"
"190","ENSG00000137404","11270","NRM"
"191","ENSG00000137877","51332","SPTBN5"
"192","ENSG00000138131","84171","LOXL4"
"193","ENSG00000138376","580","BARD1"
"194","ENSG00000138678","84803","GPAT3"
"195","ENSG00000138741","7222","TRPC3"
"196","ENSG00000138764","901","CCNG2"
"197","ENSG00000138792","2028","ENPEP"
"198","ENSG00000138829","2201","FBN2"
"199","ENSG00000139219","1280","COL2A1"
"200","ENSG00000139269","83729","INHBE"
"201","ENSG00000139970","6252","RTN1"
"202","ENSG00000140022","85439","STON2"
"203","ENSG00000140839","497190","CLEC18B"
"204","ENSG00000140839","124907806","LOC124907806"
"205","ENSG00000140839","128966624","LOC128966624"
"206","ENSG00000141068","8844","KSR1"
"207","ENSG00000141314","162494","RHBDL3"
"208","ENSG00000141401","3613","IMPA2"
"209","ENSG00000141576","114804","RNF157"
"210","ENSG00000141858","90378","SAMD1"
"211","ENSG00000142609","85452","CFAP74"
"212","ENSG00000142765","84958","SYTL1"
"213","ENSG00000142871","3491","CCN1"
"214","ENSG00000142945","11004","KIF2C"
"215","ENSG00000143036","126969","SLC44A3"
"216","ENSG00000143217","81607","NECTIN4"
"217","ENSG00000143365","6097","RORC"
"218","ENSG00000143476","51514","DTL"
"219","ENSG00000144010","653192","TRIM43B"
"220","ENSG00000144152","129804","FBLN7"
"221","ENSG00000144227","11249","NXPH2"
"222","ENSG00000145287","51316","PLAC8"
"223","ENSG00000145386","890","CCNA2"
"224","ENSG00000146278","10957","PNRC1"
"225","ENSG00000146411","154091","SLC2A12"
"226","ENSG00000146950","357","SHROOM2"
"227","ENSG00000147041","94122","SYTL5"
"228","ENSG00000147138","84636","GPR174"
"229","ENSG00000147408","55790","CSGALNACT1"
"230","ENSG00000147509","8601","RGS20"
"231","ENSG00000147606","115111","SLC26A7"
"232","ENSG00000147655","340419","RSPO2"
"233","ENSG00000147676","114569","MAL2"
"234","ENSG00000147889","1029","CDKN2A"
"235","ENSG00000149634","128497","SPATA25"
"236","ENSG00000149970","22866","CNKSR2"
"237","ENSG00000150510","220108","FAM124A"
"238","ENSG00000152402","2977","GUCY1A2"
"239","ENSG00000152804","3087","HHEX"
"240","ENSG00000153208","10461","MERTK"
"241","ENSG00000156050","145483","FAM161B"
"242","ENSG00000156802","29028","ATAD2"
"243","ENSG00000157168","3084","NRG1"
"244","ENSG00000157404","3815","KIT"
"245","ENSG00000157873","8764","TNFRSF14"
"246","ENSG00000158089","79623","GALNT14"
"247","ENSG00000158258","64084","CLSTN2"
"248","ENSG00000159259","8208","CHAF1B"
"249","ENSG00000159388","7832","BTG2"
"250","ENSG00000160973","8928","FOXH1"
"251","ENSG00000161267","622","BDH1"
"252","ENSG00000161896","117283","IP6K3"
"253","ENSG00000161939","100529209","RNASEK-C17orf49"
"254","ENSG00000162073","124222","PAQR4"
"255","ENSG00000162511","7805","LAPTM5"
"256","ENSG00000162520","81493","SYNC"
"257","ENSG00000162607","7398","USP1"
"258","ENSG00000162654","115361","GBP4"
"259","ENSG00000162692","7412","VCAM1"
"260","ENSG00000162896","5284","PIGR"
"261","ENSG00000162975","3754","KCNF1"
"262","ENSG00000162981","151354","LRATD1"
"263","ENSG00000163235","7039","TGFA"
"264","ENSG00000163347","9076","CLDN1"
"265","ENSG00000163362","55765","INAVA"
"266","ENSG00000163394","886","CCKAR"
"267","ENSG00000163395","91156","IGFN1"
"268","ENSG00000163435","1999","ELF3"
"269","ENSG00000163531","23114","NFASC"
"270","ENSG00000163586","2168","FABP1"
"271","ENSG00000163918","5984","RFC4"
"272","ENSG00000163935","51460","SFMBT1"
"273","ENSG00000164045","993","CDC25A"
"274","ENSG00000164112","132332","SMIM43"
"275","ENSG00000164220","2151","F2RL2"
"276","ENSG00000164331","57763","ANKRA2"
"277","ENSG00000164342","7098","TLR3"
"278","ENSG00000164463","153222","CREBRF"
"279","ENSG00000164626","8645","KCNK5"
"280","ENSG00000164649","55536","CDCA7L"
"281","ENSG00000164692","1278","COL1A2"
"282","ENSG00000164938","94241","TP53INP1"
"283","ENSG00000165061","79698","ZMAT4"
"284","ENSG00000165244","195828","ZNF367"
"285","ENSG00000165272","360","AQP3"
"286","ENSG00000165449","220963","SLC16A9"
"287","ENSG00000165507","11067","DEPP1"
"288","ENSG00000165730","219736","STOX1"
"289","ENSG00000165757","57608","JCAD"
"290","ENSG00000165861","53349","ZFYVE1"
"291","ENSG00000166002","56935","SMCO4"
"292","ENSG00000166046","255394","TCP11L2"
"293","ENSG00000166250","79827","CLMP"
"294","ENSG00000166257","55800","SCN3B"
"295","ENSG00000166289","79156","PLEKHF1"
"296","ENSG00000166405","79608","RIC3"
"297","ENSG00000166432","84460","ZMAT1"
"298","ENSG00000166510","80323","CCDC68"
"299","ENSG00000166573","2587","GALR1"
"300","ENSG00000166619","10904","BLCAP"
"301","ENSG00000166897","114794","ELFN2"
"302","ENSG00000166963","4130","MAP1A"
"303","ENSG00000167513","81620","CDT1"
"304","ENSG00000167550","121268","RHEBL1"
"305","ENSG00000167772","51129","ANGPTL4"
"306","ENSG00000168398","624","BDKRB2"
"307","ENSG00000168497","8436","CAVIN2"
"308","ENSG00000168546","2675","GFRA2"
"309","ENSG00000168779","6474","SHOX2"
"310","ENSG00000168824","27065","NSG1"
"311","ENSG00000168930","57093","TRIM49"
"312","ENSG00000169258","114787","GPRIN1"
"313","ENSG00000169783","84894","LINGO1"
"314","ENSG00000169860","5028","P2RY1"
"315","ENSG00000170271","10826","FAXDC2"
"316","ENSG00000170324","143162","FRMPD2"
"317","ENSG00000170425","136","ADORA2B"
"318","ENSG00000171094","238","ALK"
"319","ENSG00000171345","3880","KRT19"
"320","ENSG00000171428","9","NAT1"
"321","ENSG00000171444","4163","MCC"
"322","ENSG00000171551","9427","ECEL1"
"323","ENSG00000171608","5293","PIK3CD"
"324","ENSG00000171848","6241","RRM2"
"325","ENSG00000172508","57571","CARNS1"
"326","ENSG00000172731","55222","LRRC20"
"327","ENSG00000172935","116535","MRGPRF"
"328","ENSG00000174004","375387","NRROS"
"329","ENSG00000174371","9156","EXO1"
"330","ENSG00000174871","254263","CNIH2"
"331","ENSG00000174898","257062","CATSPERD"
"332","ENSG00000175155","388403","YPEL2"
"333","ENSG00000175305","9134","CCNE2"
"334","ENSG00000175445","4023","LPL"
"335","ENSG00000175592","8061","FOSL1"
"336","ENSG00000175602","11007","CCDC85B"
"337","ENSG00000176046","26471","NUPR1"
"338","ENSG00000176170","8877","SPHK1"
"339","ENSG00000176387","3291","HSD11B2"
"340","ENSG00000176595","9920","KBTBD11"
"341","ENSG00000176771","344148","NCKAP5"
"342","ENSG00000177042","283232","TMEM80"
"343","ENSG00000177076","340485","ACER2"
"344","ENSG00000177917","151188","ARL6IP6"
"345","ENSG00000178150","163071","ZNF114"
"346","ENSG00000178343","152573","SHISA3"
"347","ENSG00000178404","100653515","CEP295NL"
"348","ENSG00000178409","57673","BEND3"
"349","ENSG00000178568","2066","ERBB4"
"350","ENSG00000178685","84875","PARP10"
"351","ENSG00000178718","54913","RPP25"
"352","ENSG00000178947","399668","SMIM10L2A"
"353","ENSG00000178999","9212","AURKB"
"354","ENSG00000179163","2517","FUCA1"
"355","ENSG00000179630","144811","LACC1"
"356","ENSG00000179673","388394","RPRML"
"357","ENSG00000180044","401097","C3orf80"
"358","ENSG00000180155","66004","LYNX1"
"359","ENSG00000180176","7054","TH"
"360","ENSG00000180532","201516","ZSCAN4"
"361","ENSG00000180573","8334","H2AC6"
"362","ENSG00000182053","283116","TRIM49B"
"363","ENSG00000182175","56963","RGMA"
"364","ENSG00000182541","3985","LIMK2"
"365","ENSG00000182568","6304","SATB1"
"366","ENSG00000183604",NA,NA
"367","ENSG00000183696","7378","UPP1"
"368","ENSG00000183770","668","FOXL2"
"369","ENSG00000183798","90187","EMILIN3"
"370","ENSG00000184144","6900","CNTN2"
"371","ENSG00000184185","3768","KCNJ12"
"372","ENSG00000184368","256714","MAP7D2"
"373","ENSG00000184678","8349","H2BC21"
"374","ENSG00000184785","644538","SMIM10"
"375","ENSG00000184992","140707","BRI3BP"
"376","ENSG00000185090","149175","MANEAL"
"377","ENSG00000185567","113146","AHNAK2"
"378","ENSG00000185634","399694","SHC4"
"379","ENSG00000186472","27445","PCLO"
"380","ENSG00000186480","3638","INSIG1"
"381","ENSG00000186529","4051","CYP4F3"
"382","ENSG00000186868","4137","MAPT"
"383","ENSG00000187479","387763","C11orf96"
"384","ENSG00000187486","3767","KCNJ11"
"385","ENSG00000187672","26059","ERC2"
"386","ENSG00000187796","64170","CARD9"
"387","ENSG00000188582","344838","PAQR9"
"388","ENSG00000188868","147837","ZNF563"
"389","ENSG00000188916","642938","INSYN2A"
"390","ENSG00000189057","374393","FAM111B"
"391","ENSG00000189253","642446","TRIM64B"
"392","ENSG00000189348",NA,NA
"393","ENSG00000189410","400745","SH2D5"
"394","ENSG00000196139","8644","AKR1C3"
"395","ENSG00000196220","9901","SRGAP3"
"396","ENSG00000197191","375791","CYSRT1"
"397","ENSG00000197324","26020","LRP10"
"398","ENSG00000197461","5154","PDGFA"
"399","ENSG00000197558","23145","SSPOP"
"400","ENSG00000197705","57565","KLHL14"
"401","ENSG00000197977","54898","ELOVL2"
"402","ENSG00000198053","140885","SIRPA"
"403","ENSG00000198056","5557","PRIM1"
"404","ENSG00000198133","161145","TMEM229B"
"405","ENSG00000198354","340578","DCAF12L2"
"406","ENSG00000198732","64093","SMOC1"
"407","ENSG00000198734","2153","F5"
"408","ENSG00000198788","4583","MUC2"
"409","ENSG00000198885","150771","ITPRIPL1"
"410","ENSG00000198924","9937","DCLRE1A"
"411","ENSG00000198929","9722","NOS1AP"
"412","ENSG00000203499","642574","IQANK1"
"413","ENSG00000203811","126961","H3C14"
"414","ENSG00000204060","100132074","FOXO6"
"415","ENSG00000204128","257407","C2orf72"
"416","ENSG00000204228","7923","HSD17B8"
"417","ENSG00000204315","63943","FKBPL"
"418","ENSG00000204344","8859","WHR1"
"419","ENSG00000204397","114769","CARD16"
"420","ENSG00000204449","642612","TRIM49C"
"421","ENSG00000204767","100131897","INSYN2B"
"422","ENSG00000204918","729233","PRR20B"
"423","ENSG00000205090","339453","TMEM240"
"424","ENSG00000205277","10071","MUC12"
"425","ENSG00000205336","9289","ADGRG1"
"426","ENSG00000205593","414918","DENND6B"
"427","ENSG00000205978","57523","NYNRIN"
"428","ENSG00000206190","57194","ATP10A"
"429","ENSG00000206262","401089","FOXL2NB"
"430","ENSG00000211592","3514","IGKC"
"431","ENSG00000211677","3538","IGLC2"
"432","ENSG00000211890","3494","IGHA2"
"433","ENSG00000211897","3502","IGHG3"
"434","ENSG00000211899","3507","IGHM"
"435","ENSG00000213178",NA,NA
"436","ENSG00000213626","81606","LBH"
"437","ENSG00000213689","11277","TREX1"
"438","ENSG00000213859","147040","KCTD11"
"439","ENSG00000214189",NA,NA
"440","ENSG00000214796",NA,NA
"441","ENSG00000220008","645191","LINGO3"
"442","ENSG00000221968","3995","FADS3"
"443","ENSG00000222009","149478","BTBD19"
"444","ENSG00000223638","342931","RFPL4A"
"445","ENSG00000224389","721","C4B"
"446","ENSG00000225581","642569","TRIM53AP"
"447","ENSG00000226887","100288413","ERVMER34-1"
"448","ENSG00000226916","9277","WDR46"
"449","ENSG00000227074","401251","SAPCD1"
"450","ENSG00000227315","4758","NEU1"
"451","ENSG00000228267","721","C4B"
"452","ENSG00000229292","729974","RFPL4AL1"
"453","ENSG00000229767","780","DDR1"
"454","ENSG00000230522","125997","MBD3L2"
"455","ENSG00000230678","6046","BRD2"
"456","ENSG00000231500","6222","RPS18"
"457","ENSG00000232326","6891","TAP2"
"458","ENSG00000232815",NA,NA
"459","ENSG00000233641","221545","C6orf136"
"460","ENSG00000234078","780","DDR1"
"461","ENSG00000234947","8859","WHR1"
"462","ENSG00000235715","5696","PSMB8"
"463","ENSG00000237172","84752","B3GNT9"
"464","ENSG00000239521",NA,NA
"465","ENSG00000239887","400793","C1orf226"
"466","ENSG00000240356",NA,NA
"467","ENSG00000240891","257068","PLCXD2"
"468","ENSG00000241370","79897","RPP21"
"469","ENSG00000241370","202658","TRIM39-RPP21"
"470","ENSG00000242265","23089","PEG10"
"471","ENSG00000243509","8771","TNFRSF6B"
"472","ENSG00000244207","720","C4A"
"473","ENSG00000244207","110384692","C4A_2"
"474","ENSG00000244607","152206","CCDC13"
"475","ENSG00000244731","720","C4A"
"476","ENSG00000244731","110384692","C4A_2"
"477","ENSG00000249156","112488739","TAF11L12"
"478","ENSG00000249620","391744","H3P18"
"479","ENSG00000249992","25907","TMEM158"
"480","ENSG00000251258","442247","RFPL4B"
"481","ENSG00000254415","100049587","SIGLEC14"
"482","ENSG00000254764","340970","TRIM53CP"
"483","ENSG00000255855","100129053","KDM4F"
"484","ENSG00000256664",NA,NA
"485","ENSG00000256667",NA,NA
"486","ENSG00000256980","100129128","KHDC1L"
"487","ENSG00000258986","388021","TMEM179"
"488","ENSG00000259479",NA,NA
"489","ENSG00000260007",NA,NA
"490","ENSG00000261150","83481","EPPK1"
"491","ENSG00000261509","24150","TP53TG3"
"492","ENSG00000261509","729264","TP53TG3D"
"493","ENSG00000261509","729355","TP53TG3B"
"494","ENSG00000261509","102723655","LOC102723655"
"495","ENSG00000261509","102723713","LOC102723713"
"496","ENSG00000261794","728498","GOLGA8H"
"497","ENSG00000261796","100534599","ISY1-RAB43"
"498","ENSG00000264619",NA,NA
"499","ENSG00000265972","10628","TXNIP"
"500","ENSG00000266027",NA,NA
"501","ENSG00000266074","57597","BAHCC1"
"502","ENSG00000267908","646698","ZSCAN5DP"
"503","ENSG00000268173",NA,NA
"504","ENSG00000268799","340096","H3Y2"
"505","ENSG00000269095",NA,NA
"506","ENSG00000269466","391769","H3Y1"
"507","ENSG00000270765","246176","GAS2L2"
"508","ENSG00000270882","8370","H4C14"
"509","ENSG00000272921",NA,NA
"510","ENSG00000273873","55814","BDP1"
"511","ENSG00000273889","286077","SACK1H"
"512","ENSG00000274180","256302","NATD1"
"513","ENSG00000274750","8353","H3C6"
"514","ENSG00000274808","414059","TBC1D3B"
"515","ENSG00000274808","101060321","TBC1D3G"
"516","ENSG00000275365","4320","MMP11"
"517","ENSG00000275395","8857","FCGBP"
"518","ENSG00000275482","2051","EPHB6"
"519","ENSG00000275544","622","BDH1"
"520","ENSG00000275767",NA,NA
"521","ENSG00000276876","4661","MYT1"
"522","ENSG00000276959","79165","LENG1"
"523","ENSG00000277005",NA,NA
"524","ENSG00000277101","26084","ARHGEF26"
"525","ENSG00000277196",NA,NA
"526","ENSG00000277303","100170841","EPOP"
"527","ENSG00000277633",NA,NA
"528","ENSG00000277956","4137","MAPT"
"529","ENSG00000278326","57718","PPP4R4"
"530","ENSG00000278372","80179","MYO19"
"531","ENSG00000278535","79154","DHRS11"
"532","ENSG00000278704",NA,NA
"533","ENSG00000278728","26047","CNTNAP2"
"534","ENSG00000280165","64881","PCDH20"
"535","ENSG00000280680","55733","HHAT"
"536","ENSG00000280908","23569","PADI4"
"537","ENSG00000281289","4047","LSS"
"538","ENSG00000281320","9149","DYRK1B"
"539","ENSG00000281618","402778","IFITM10"
"540","ENSG00000281935","196385","DNAH10"
"541","ENSG00000282258",NA,NA
"542","ENSG00000282522",NA,NA
"543","ENSG00000282633",NA,NA
"544","ENSG00000282895","126432","RINL"
"545","ENSG00000283496","104326056","ZNF511-PRAP1"
"546","ENSG00000283740","112488746","TAF11L11"
"547","ENSG00000283949","100288687","DUX4"
"548","ENSG00000284320","6470","SHMT1"
"549","ENSG00000284841","92815","H2AC25"
"550","ENSG00000284872","57604","TRMT9B"
"551","ENSG00000285222","2651","GCNT2"
"552","ENSG00000285329",NA,NA
"553","ENSG00000285444",NA,NA
"554","ENSG00000285625",NA,NA
"555","ENSG00000285816",NA,NA
"556","ENSG00000286192",NA,NA
"557","ENSG00000287725",NA,NA
"558","ENSG00000288149","90019","SYT8"
"559","ENSG00000288160","102724536","PRR33"
"560","ENSG00000288195","79883","PODNL1"
"561","ENSG00000288219","7136","TNNI2"
"562","ENSG00000288318","342979","PALM3"
"563","ENSG00000288360","65249","ZSWIM4"
"564","ENSG00000288488","90378","SAMD1"
"565","ENSG00000288825","8337","H2AC18"
"566","ENSG00000289027",NA,NA
"567","ENSG00000291381","128272","ARHGEF19"
"568","ENSG00000291431","1850","DUSP8"
"569","ENSG00000291660",NA,NA
"570","ENSG00000291703",NA,NA
"571","ENSG00000292076","129868","TRIM43"
"572","ENSG00000292076","653192","TRIM43B"
"573","ENSG00000293554",NA,NA
